,OR,pval,p_adj,genes,source
Estrogen signaling pathway ,7.382475829077771,3.998365330390358e-17,1.3794360389846736e-14,"AKT1, EGFR, JUN, KRAS, KRT10, KRT12, KRT13, KRT14, KRT15, KRT16, KRT17, KRT19, KRT20, KRT23, KRT24, KRT25, KRT26, KRT27, KRT28, KRT31, KRT32, KRT33A, KRT33B, KRT34, KRT35, KRT36, KRT37, KRT38, KRT39, KRT40, KRT9, PGR, PIK3CA, RARA, SHC1",Pure_NetAn_KEGG
Staphylococcus aureus infection ,8.323873343151694,1.3125423843457112e-14,2.264135612996352e-12,"KRT10, KRT12, KRT13, KRT14, KRT15, KRT16, KRT17, KRT19, KRT20, KRT23, KRT24, KRT25, KRT26, KRT27, KRT28, KRT31, KRT32, KRT33A, KRT33B, KRT34, KRT35, KRT36, KRT37, KRT38, KRT39, KRT40, KRT9",Pure_NetAn_KEGG
Fanconi anemia pathway ,12.625082786441086,8.220129407400777e-14,9.453148818510894e-12,"ATR, BLM, BRCA1, BRCA2, BRIP1, EME1, ERCC4, FANCA, FANCC, FANCD2, FANCG, FANCI, FANCL, FANCM, MLH1, PALB2, PMS2, RAD51, RAD51C, SLX4",Pure_NetAn_KEGG
Homologous recombination ,15.163392857142858,6.80086025895264e-13,5.865741973346651e-11,"ATM, BARD1, BLM, BRCA1, BRCA2, BRIP1, EME1, MRE11, NBN, PALB2, POLD1, RAD50, RAD51, RAD51C, RAD51D, RAD54L, XRCC2",Pure_NetAn_KEGG
Endometrial cancer ,6.6330281451339435,2.777662517911969e-07,1.9165871373592585e-05,"AKT1, APC, AXIN2, BRAF, CDH1, CTNNA1, CTNNA2, EGFR, ERBB2, KRAS, MLH1, PIK3CA, PTEN, TP53",Pure_NetAn_KEGG
Gastric cancer ,3.4816526877621046,4.259901674763577e-06,0.00024494434629890565,"AKT1, APC, AXIN2, BRAF, CDH1, CDKN1B, CDKN2B, CTNNA1, CTNNA2, DVL2, EGFR, ERBB2, FZD2, JUP, KRAS, MLH1, PIK3CA, SHC1, TP53, WNT3, WNT9B",Pure_NetAn_KEGG
Non-small cell lung cancer ,4.611432926829268,2.1658285343969564e-05,0.0009898788997291417,"AKT1, BRAF, CDKN2A, EGFR, ERBB2, FHIT, KRAS, PIK3CA, RET, STAT3, STAT5A, STAT5B, TP53",Pure_NetAn_KEGG
Chemokine signaling pathway ,2.893821717598744,2.2953713616907633e-05,0.0009898788997291417,"AKT1, BCAR1, BRAF, CCL14, CCL15, CCL16, CCL18, CCL23, CCL3, CCL3L1, CCL3L3, CCL4, CCL4L1, CCL4L2, CCL5, CCR10, CCR7, GNGT2, KRAS, PIK3CA, SHC1, STAT3, STAT5B",Pure_NetAn_KEGG
FoxO signaling pathway ,3.33955677932229,3.22531442720421e-05,0.0012363705304282806,"AKT1, ATM, BRAF, CDKN1B, CDKN2B, EGFR, G6PC1, G6PC3, GABARAP, IL7R, KRAS, PIK3CA, PLK1, PLK2, PTEN, SLC2A4, STAT3, STK11",Pure_NetAn_KEGG
Breast cancer ,3.1436248632710324,4.149967313466091e-05,0.0013200745064914196,"AKT1, APC, AXIN2, BRAF, BRCA1, BRCA2, DVL2, EGFR, ERBB2, FZD2, JUN, KRAS, PGR, PIK3CA, PTEN, SHC1, TP53, WNT3, WNT9B",Pure_NetAn_KEGG
Viral protein interaction with cytokine and cytokine receptor ,3.759075116808434,4.317525128859607e-05,0.0013200745064914196,"CCL14, CCL15, CCL16, CCL18, CCL23, CCL3, CCL3L1, CCL3L3, CCL4, CCL4L1, CCL4L2, CCL5, CCR10, CCR7, IL2",Pure_NetAn_KEGG
Pathways in cancer ,1.9871345054415208,4.9112009812727704e-05,0.0013200745064914196,"AKT1, APC, AXIN2, BIRC2, BIRC3, BRAF, BRCA2, CDH1, CDKN1B, CDKN2A, CDKN2B, CKS1B, CTNNA1, CTNNA2, DVL2, EGFR, ERBB2, FZD2, GNGT2, IL2, IL7R, ITGA2B, ITGA3, JUN, JUP, KRAS, MITF, MLH1, MMP1, MSH2, MSH3, MSH6, PIK3CA, PTCH2, PTEN, RAD51, RARA, RET, STAT3, STAT5A, STAT5B, SUFU, TP53, WNT3, WNT9B",Pure_NetAn_KEGG
Mismatch repair ,9.274558080808081,4.974193792576364e-05,0.0013200745064914196,"MLH1, MLH3, MSH2, MSH3, MSH6, PMS2, POLD1",Pure_NetAn_KEGG
Colorectal cancer ,3.7365002197319273,0.00014308908088372528,0.0035261237789203734,"AKT1, APC, AXIN2, BRAF, EGFR, JUN, KRAS, MLH1, MSH2, MSH3, MSH6, PIK3CA, TP53",Pure_NetAn_KEGG
Melanoma ,3.7680919976444414,0.00042420386007730165,0.009391026880806784,"AKT1, BRAF, CDH1, CDKN2A, EGFR, KRAS, MITF, PDGFD, PIK3CA, PTEN, TP53",Pure_NetAn_KEGG
Bladder cancer ,5.140178325213714,0.0004355258843272711,0.009391026880806784,"BRAF, CDH1, CDKN2A, EGFR, ERBB2, KRAS, MMP1, TP53",Pure_NetAn_KEGG
Pancreatic cancer ,3.539046653144016,0.0006757646852759713,0.01371404802471824,"AKT1, BRAF, BRCA2, CDKN2A, EGFR, ERBB2, KRAS, PIK3CA, RAD51, STAT3, TP53",Pure_NetAn_KEGG
Acute myeloid leukemia ,3.6587709184921215,0.0009311563883135047,0.017847164109342173,"AKT1, BRAF, JUP, KRAS, MPO, PIK3CA, RARA, STAT3, STAT5A, STAT5B",Pure_NetAn_KEGG
Small cell lung cancer ,3.1467569091934573,0.0009941072575831813,0.018050894940326186,"AKT1, BIRC2, BIRC3, CDKN1B, CDKN2B, CKS1B, FHIT, ITGA2B, ITGA3, PIK3CA, PTEN, TP53",Pure_NetAn_KEGG
ErbB signaling pathway ,3.113022312373225,0.0017109437034983454,0.029513778885346457,"AKT1, BRAF, CDKN1B, EGFR, ERBB2, JUN, KRAS, PIK3CA, SHC1, STAT5A, STAT5B",Pure_NetAn_KEGG
Cushing syndrome ,2.4481259029473668,0.0018359023353374422,0.030161252651972264,"AIP, APC, AXIN2, BRAF, CACNA1G, CDKN1B, CDKN2A, CDKN2B, CRHR1, CYP17A1, DVL2, EGFR, FZD2, MEN1, WNT3, WNT9B",Pure_NetAn_KEGG
Basal cell carcinoma ,3.533906882591093,0.0020372715643344136,0.0314247142913283,"APC, AXIN2, DVL2, FZD2, PTCH2, SUFU, TP53, WNT3, WNT9B",Pure_NetAn_KEGG
Hippo signaling pathway ,2.413169366907411,0.00209498095275522,0.0314247142913283,"APC, AXIN2, BIRC2, BIRC3, BMPR1A, CDH1, CTNNA1, CTNNA2, DLG4, DVL2, FZD2, NF2, PPP2R1B, WNT3, WNT9B, YAP1",Pure_NetAn_KEGG
Chronic myeloid leukemia ,3.165933251674757,0.002437153610735483,0.03503408315432257,"AKT1, BRAF, CDKN1B, CDKN2A, KRAS, PIK3CA, SHC1, STAT5A, STAT5B, TP53",Pure_NetAn_KEGG
Hepatocellular carcinoma ,2.2080834557898776,0.004627256397229857,0.06136773068009964,"AKT1, APC, AXIN2, BRAF, CDKN2A, DVL2, EGFR, FZD2, KRAS, PIK3CA, PTEN, SHC1, SMARCE1, TP53, WNT3, WNT9B",Pure_NetAn_KEGG
Prolactin signaling pathway ,3.0767435026772887,0.004650253329658714,0.06136773068009964,"AKT1, CYP17A1, KRAS, PIK3CA, SHC1, SOCS7, STAT3, STAT5A, STAT5B",Pure_NetAn_KEGG
Prostate cancer ,2.6821011400993213,0.004802691966268668,0.06136773068009964,"AKT1, BRAF, CDKN1B, EGFR, ERBB2, KRAS, MMP3, PDGFD, PIK3CA, PTEN, TP53",Pure_NetAn_KEGG
Human papillomavirus infection ,1.805103707853484,0.005169816937843795,0.0636995301270039,"AKT1, APC, ATM, ATP6V0A1, ATR, AXIN2, CDKN1B, CHAD, COL1A1, DVL2, EGFR, FZD2, HES7, ITGA2B, ITGA3, ITGB3, KRAS, MAML2, PIK3CA, PPP2R1B, PTEN, TP53, TUBG1, TUBG2, WNT3, WNT9B",Pure_NetAn_KEGG
Human T-cell leukemia virus 1 infection ,1.9709810963140306,0.00667384622957976,0.07939575686913854,"AKT1, ATM, ATR, CDC27, CDKN2A, CDKN2B, CHEK2, GPS2, IL2, JUN, KAT2A, KRAS, MAP3K14, MMP7, PIK3CA, PTEN, STAT5A, STAT5B, TP53",Pure_NetAn_KEGG
Glioma ,2.8464559792132453,0.007284469261324418,0.08377139650523081,"AKT1, BRAF, CDKN2A, EGFR, KRAS, PIK3CA, PTEN, SHC1, TP53",Pure_NetAn_KEGG
Toll-like receptor signaling pathway ,2.379796746284721,0.010526421070963117,0.11714887966071856,"AKT1, CCL3, CCL3L1, CCL3L3, CCL4, CCL4L1, CCL4L2, CCL5, JUN, PIK3CA, RIPK1",Pure_NetAn_KEGG
Focal adhesion ,1.9414581961816986,0.01118539920838216,0.12059258521537015,"AKT1, BCAR1, BIRC2, BIRC3, BRAF, CHAD, COL1A1, EGFR, ERBB2, ITGA2B, ITGA3, ITGB3, JUN, PDGFD, PIK3CA, PTEN, SHC1",Pure_NetAn_KEGG
Proteoglycans in cancer ,1.9309833024118739,0.011705114110434426,0.12237164751817808,"AKT1, BRAF, COL1A1, DROSHA, EGFR, ERBB2, FZD2, HSPB2, ITGB3, KRAS, MIR10A, PIK3CA, RDX, STAT3, TP53, WNT3, WNT9B",Pure_NetAn_KEGG
Apoptosis - multiple species ,3.9157706093189963,0.013767743696271949,0.13376747651362925,"BECN1, BIRC2, BIRC3, NGFR, SEPTIN4",Pure_NetAn_KEGG
Vasopressin-regulated water reabsorption ,3.3403260927293004,0.013832412539308453,0.13376747651362925,"DCTN5, DYNC2H1, DYNLL2, NSF, RAB5C, VAMP2",Pure_NetAn_KEGG
Signaling pathways regulating pluripotency of stem cells ,2.1049463166387388,0.01396506660810053,0.13376747651362925,"AKT1, APC, AXIN2, BMPR1A, DVL2, FZD2, HOXB1, KRAS, PCGF2, PIK3CA, STAT3, WNT3, WNT9B",Pure_NetAn_KEGG
Central carbon metabolism in cancer ,2.6886224661755502,0.014757609165397843,0.13376747651362925,"AKT1, EGFR, ERBB2, KRAS, PIK3CA, PTEN, RET, TP53",Pure_NetAn_KEGG
Human cytomegalovirus infection ,1.8381688536182919,0.014889181765987903,0.13376747651362925,"AKT1, BCAR1, CCL3, CCL3L1, CCL3L3, CCL4, CCL4L1, CCL4L2, CCL5, CDKN2A, EGFR, GNGT2, ITGB3, KRAS, PIK3CA, RIPK1, STAT3, TP53",Pure_NetAn_KEGG
Relaxin signaling pathway ,2.1562419340961885,0.015121540823279829,0.13376747651362925,"ACTA2, AKT1, COL1A1, EGFR, GNGT2, JUN, KRAS, MMP1, MMP13, PIK3CA, RXFP2, SHC1",Pure_NetAn_KEGG
AGE-RAGE signaling pathway in diabetic complications ,2.3282897447031186,0.016235966101433175,0.14003520762486113,"AKT1, CDKN1B, COL1A1, JUN, KRAS, PIK3CA, PLCD3, STAT3, STAT5A, STAT5B",Pure_NetAn_KEGG
Inositol phosphate metabolism ,2.6056467294081047,0.017240138796544846,0.14264960611165062,"MINPP1, MTMR2, MTMR3, MTMR4, PIK3CA, PIP4K2B, PLCD3, PTEN",Pure_NetAn_KEGG
Cytokine-cytokine receptor interaction ,1.6945150501672241,0.017366039004896597,0.14264960611165062,"BMPR1A, CCL14, CCL15, CCL16, CCL18, CCL23, CCL3, CCL3L1, CCL3L3, CCL4, CCL4L1, CCL4L2, CCL5, CCR10, CCR7, CSF3, IL2, IL7R, MPL, NGFR, TNFSF12, TNFSF13",Pure_NetAn_KEGG
p53 signaling pathway ,2.5276247679700585,0.020009349987624308,0.16054013362163688,"ATM, ATR, CDKN2A, CHEK2, PPM1D, PTEN, SESN3, TP53",Pure_NetAn_KEGG
Apoptosis ,2.051318159489111,0.02086604780417594,0.1636087839191068,"AKT1, ATM, BIRC2, BIRC3, CASP12, JUN, KRAS, MAP3K14, PIK3CA, RIPK1, SEPTIN4, TP53",Pure_NetAn_KEGG
Thyroid hormone signaling pathway ,2.0997752316210736,0.022793592797425027,0.17475087811359188,"AKT1, ATP1B2, ITGB3, KAT2A, KRAS, MED1, MED24, PIK3CA, PLCD3, THRA, TP53",Pure_NetAn_KEGG
PI3K-Akt signaling pathway ,1.5772490261445091,0.024738128535629244,0.18186252862425567,"AKT1, BRCA1, CDKN1B, CHAD, COL1A1, CSF3, EGFR, ERBB2, G6PC1, G6PC3, GNGT2, IL2, IL7R, ITGA2B, ITGA3, ITGB3, KRAS, NGFR, PDGFD, PIK3CA, PPP2R1B, PTEN, RET, STK11, TP53",Pure_NetAn_KEGG
Thyroid cancer ,3.3031439012096775,0.024775474914029032,0.18186252862425567,"BRAF, CDH1, KRAS, RET, TP53",Pure_NetAn_KEGG
Cellular senescence ,1.9137237466124661,0.026526077069607523,0.19065617893780407,"AKT1, ATM, ATR, CDKN2A, CDKN2B, CHEK2, KRAS, MRE11, NBN, PIK3CA, PTEN, RAD50, TP53",Pure_NetAn_KEGG
MicroRNAs in cancer ,1.6116215738284705,0.02748886409237661,0.1913456882921406,"APC, ATM, BRCA1, CDKN1B, CDKN2A, EGFR, ERBB2, HDAC5, IGF2BP1, ITGB3, KRAS, MIR10A, MIR152, MIR34B, MIR34C, PIK3CA, PTEN, RDX, SHC1, STAT3, TP53, WNT3",Pure_NetAn_KEGG
Cell cycle ,1.900434538828147,0.027754210130673716,0.1913456882921406,"ATM, ATR, AURKB, CDC27, CDC6, CDKN1B, CDKN2A, CDKN2B, CHEK2, DBF4B, PLK1, PPP2R1B, TP53",Pure_NetAn_KEGG
Rheumatoid arthritis ,2.215575275397797,0.02828588435622948,0.1913456882921406,"ATP6V0A1, CCL3, CCL3L1, CCL3L3, CCL5, JUN, MMP1, MMP3, TNFSF13",Pure_NetAn_KEGG
Phenylalanine metabolism ,4.873084661817056,0.0334127009878521,0.2216804200155572,"AOC2, AOC3, PAH",Pure_NetAn_KEGG
Transcriptional misregulation in cancer ,1.7378384695001836,0.03625524875573076,0.23600114756088889,"ATM, BIRC2, BIRC3, CDKN1B, ETV4, EWSR1, JUP, MEN1, MITF, MMP3, MPO, NGFR, RARA, TAF15, TP53",Pure_NetAn_KEGG
Arrhythmogenic right ventricular cardiomyopathy ,2.1700241113790155,0.04101880876080645,0.26206461152737454,"CACNB1, CTNNA1, CTNNA2, ITGA2B, ITGA3, ITGB3, JUP, SGCA",Pure_NetAn_KEGG
Autophagy - animal ,1.7654979674796747,0.044119829793997235,0.27188842255768064,"AKT1, BECN1, CALCOCO2, GABARAP, KRAS, MTMR3, MTMR4, NBR1, PIK3CA, PLEKHM1, PTEN, RB1CC1, STK11",Pure_NetAn_KEGG
Chagas disease ,2.0262404169179087,0.04413261351660903,0.27188842255768064,"AKT1, CCL3, CCL3L1, CCL3L3, CCL5, IL2, JUN, PIK3CA, PPP2R1B",Pure_NetAn_KEGG
Citrate cycle (TCA cycle) ,3.2499806336664343,0.04504762977109116,0.272656706509236,"ACLY, DLAT, SDHA, SDHD",Pure_NetAn_KEGG
Mitophagy - animal ,2.0048156829320263,0.046460021759985,0.2763570259861177,"BECN1, CALCOCO2, GABARAP, JUN, KRAS, MITF, NBR1, RAB5C, TP53",Pure_NetAn_KEGG
NF-kappa B signaling pathway ,1.9838372975708503,0.04886761093221794,0.28575128426466423,"ATM, BIRC2, BIRC3, CCL4, CCL4L1, CCL4L2, MAP3K14, RIPK1, TRIM25",Pure_NetAn_KEGG
Long-term depression ,2.3488059199461824,0.05371743967556423,0.30887527813449434,"BRAF, CRHR1, GUCY1A2, KRAS, PPP2R1B, RYR1",Pure_NetAn_KEGG
Carbohydrate digestion and absorption ,2.4568642160540133,0.06513648196520554,0.3683948570163264,"AKT1, ATP1B2, G6PC1, G6PC3, PIK3CA",Pure_NetAn_KEGG
Hormone signaling ,1.557370911704804,0.07382789016121742,0.4108164855745163,"BMPR1A, CRHR1, GAST, GIP, GNGT2, HCRT, ITGB3, MPL, PIK3CA, RAMP2, STAT3, STAT5A, STAT5B, STK11, THRA",Pure_NetAn_KEGG
Phosphatidylinositol signaling system ,1.8796090326929558,0.07663774095416433,0.4196828671299475,"DGKE, MTMR2, MTMR3, MTMR4, PIK3CA, PIP4K2B, PLCD3, PTEN",Pure_NetAn_KEGG
Tyrosine metabolism ,2.6398539778449144,0.0785023987024493,0.42317699300539074,"AOC2, AOC3, PNMT, TYR",Pure_NetAn_KEGG
JAK-STAT signaling pathway ,1.6280359234673956,0.08043180886259538,0.42690729319377546,"AKT1, CSF3, EGFR, GFAP, IL2, IL7R, MPL, PIK3CA, SOCS7, STAT3, STAT5A, STAT5B",Pure_NetAn_KEGG
Cytosolic DNA-sensing pathway ,1.9469564061669324,0.0821721289647728,0.42953612867949414,"CASP1, CCL4, CCL4L1, CCL4L2, CCL5, DDX41, RIPK1",Pure_NetAn_KEGG
Arginine biosynthesis ,3.1664486921529176,0.08380862320615372,0.43155186576303034,"CPS1, GLUD1, NAGS",Pure_NetAn_KEGG
TNF signaling pathway ,1.7301895472948106,0.09130895014676492,0.46325864412696904,"AKT1, BIRC2, BIRC3, CCL5, JUN, MAP3K14, MMP3, PIK3CA, RIPK1",Pure_NetAn_KEGG
Adipocytokine signaling pathway ,1.980858980827447,0.09714953843597247,0.4828751675911124,"AKT1, G6PC1, G6PC3, SLC2A4, STAT3, STK11",Pure_NetAn_KEGG
Wnt signaling pathway ,1.567287084038353,0.09797467168515324,0.4828751675911124,"APC, AXIN2, DVL2, FZD2, JUN, MMP7, RNF43, SOST, TP53, WNT3, WNT9B, ZNRF3",Pure_NetAn_KEGG
Hepatitis C ,1.572042377062661,0.10794596810965662,0.5245261830680498,"AKT1, BRAF, CLDN7, EGFR, KRAS, PIK3CA, PPP2R1B, PSME3, RIPK1, STAT3, TP53",Pure_NetAn_KEGG
Longevity regulating pathway ,1.7821589387854448,0.11373055651705667,0.5292032883987838,"AKT1, KRAS, PIK3CA, RB1CC1, SESN3, STK11, TP53",Pure_NetAn_KEGG
PD-L1 expression and PD-1 checkpoint pathway in cancer ,1.7821589387854448,0.11373055651705667,0.5292032883987838,"AKT1, EGFR, JUN, KRAS, PIK3CA, PTEN, STAT3",Pure_NetAn_KEGG
Lipid and atherosclerosis ,1.4665854174430668,0.1144394620287081,0.5292032883987838,"AKT1, CASP1, CCL3, CCL3L1, CCL3L3, CCL5, JUN, KRAS, MMP1, MMP3, PIK3CA, STAT3, TP53, XBP1",Pure_NetAn_KEGG
Non-homologous end-joining ,3.835906806761078,0.1150441931301704,0.5292032883987838,"MRE11, RAD50",Pure_NetAn_KEGG
Insulin resistance ,1.674018160157775,0.12170960988293708,0.5454372849767889,"AKT1, G6PC1, G6PC3, MLX, PIK3CA, PTEN, SLC2A4, STAT3",Pure_NetAn_KEGG
Pyrimidine metabolism ,1.9923539257455873,0.12173527809626883,0.5454372849767889,"NME1, NME1-NME2, NME2, NT5C3B, TK2",Pure_NetAn_KEGG
Base excision repair ,2.111077542799597,0.13732885922081714,0.6074161080920758,"MUTYH, NTHL1, POLD1, POLE",Pure_NetAn_KEGG
Bacterial invasion of epithelial cells ,1.7600908173562058,0.142044279937552,0.6137456776153549,"BCAR1, CDH1, CTNNA1, CTNNA2, PIK3CA, SHC1",Pure_NetAn_KEGG
NOD-like receptor signaling pathway ,1.4499550398839738,0.14324598085344897,0.6137456776153549,"BIRC2, BIRC3, CARD16, CARD18, CASP1, CASP12, CASP4, CASP5, CCL5, GABARAP, JUN, RIPK1",Pure_NetAn_KEGG
Pathways of neurodegeneration - multiple diseases ,1.2655711157741083,0.14409681126621376,0.6137456776153549,"APC, ATP5MC1, AXIN2, BECN1, BRAF, CASP12, DCTN5, DLG4, DNAH2, DVL2, FZD2, GRIA4, HAP1, KRAS, MAPT, NDUFAB1, NEFH, PSMB3, PSMD3, RB1CC1, RYR1, SDHA, SDHD, UQCR10, WNT3, WNT9B, XBP1",Pure_NetAn_KEGG
Chemical carcinogenesis - reactive oxygen species ,1.3967350620933223,0.147641895434733,0.62117626737784,"AKT1, ATP5MC1, BRAF, EGFR, JUN, KRAS, LPO, MAP3K14, NDUFAB1, PIK3CA, PTEN, SDHA, SDHD, UQCR10",Pure_NetAn_KEGG
Nucleotide excision repair ,1.820164766407119,0.15642012196944244,0.6501800250537065,"ERCC3, ERCC4, POLD1, POLE, POLR2A",Pure_NetAn_KEGG
Choline metabolism in cancer ,1.6071256038647344,0.16223581133396955,0.6635692667415972,"AKT1, DGKE, EGFR, JUN, KRAS, PDGFD, PIK3CA",Pure_NetAn_KEGG
Alzheimer disease ,1.2758299964875308,0.16348808021169786,0.6635692667415972,"AKT1, APC, ATP5MC1, AXIN2, BECN1, BRAF, CASP12, DVL2, FZD2, KRAS, MAPT, NDUFAB1, PIK3CA, PSMB3, PSMD3, RB1CC1, SDHA, SDHD, UQCR10, WNT3, WNT9B, XBP1",Pure_NetAn_KEGG
Motor proteins ,1.393718971383946,0.17155929125580896,0.6709482958528353,"ACTA2, DCTN5, DNAH2, DYNC2H1, DYNLL2, KIF18B, KIF2B, MYL4, MYO19, MYO7A, TUBG1, TUBG2",Pure_NetAn_KEGG
Melanogenesis ,1.5727810015044057,0.17411334409536117,0.6709482958528353,"DVL2, FZD2, KRAS, MITF, TYR, WNT3, WNT9B",Pure_NetAn_KEGG
Insulin signaling pathway ,1.4740137463515677,0.17484830499251272,0.6709482958528353,"ACACA, AKT1, BRAF, G6PC1, G6PC3, KRAS, PIK3CA, SHC1, SLC2A4",Pure_NetAn_KEGG
mTOR signaling pathway ,1.4374625230031222,0.17599174647773938,0.6709482958528353,"AKT1, BRAF, DVL2, FZD2, KRAS, PIK3CA, PTEN, STK11, WNT3, WNT9B",Pure_NetAn_KEGG
Neurotrophin signaling pathway ,1.5088112090134336,0.17795640291174764,0.6709482958528353,"AKT1, BRAF, JUN, KRAS, NGFR, PIK3CA, SHC1, TP53",Pure_NetAn_KEGG
Nitrogen metabolism ,2.812462311557789,0.17856965445848674,0.6709482958528353,"CPS1, GLUD1",Pure_NetAn_KEGG
Measles ,1.462605107443164,0.1800017189306213,0.6709482958528353,"AKT1, CDKN1B, IL2, JUN, PIK3CA, STAT3, STAT5A, STAT5B, TP53",Pure_NetAn_KEGG
Intestinal immune network for IgA production ,1.8760657938905674,0.18086432322989474,0.6709482958528353,"CCR10, IL2, MAP3K14, TNFSF13",Pure_NetAn_KEGG
Apelin signaling pathway ,1.4513706462280187,0.1852227151796804,0.6798067737977631,"ACTA2, AKT1, BECN1, CDH1, GNGT2, HDAC5, KRAS, MYL4, RYR1",Pure_NetAn_KEGG
"Growth hormone synthesis, secretion and action ",1.4821989250172956,0.18925015167773168,0.6801177325918483,"AKT1, BCAR1, KRAS, PIK3CA, SHC1, STAT3, STAT5A, STAT5B",Pure_NetAn_KEGG
AMPK signaling pathway ,1.4821989250172956,0.18925015167773168,0.6801177325918483,"ACACA, AKT1, G6PC1, G6PC3, PIK3CA, PPP2R1B, SLC2A4, STK11",Pure_NetAn_KEGG
C-type lectin receptor signaling pathway ,1.5082972582972582,0.19893235835053805,0.7075429240302642,"AKT1, CASP1, IL2, JUN, KRAS, MAP3K14, PIK3CA",Pure_NetAn_KEGG
Hepatitis B ,1.3806941216202793,0.20585751807733307,0.7247024871089787,"AKT1, BRAF, CASP12, JUN, KRAS, PIK3CA, STAT3, STAT5A, STAT5B, TP53",Pure_NetAn_KEGG
Renal cell carcinoma ,1.623604218362283,0.21074889677932795,0.7344279736249307,"AKT1, BRAF, JUN, KRAS, PIK3CA",Pure_NetAn_KEGG
Viral carcinogenesis ,1.320494923857868,0.21630136730052194,0.7462397171868006,"CDKN1B, CDKN2A, CDKN2B, HDAC5, JUN, KAT2A, KRAS, PIK3CA, STAT3, STAT5A, STAT5B, TP53",Pure_NetAn_KEGG
Epithelial cell signaling in Helicobacter pylori infection ,1.5989277859237536,0.2189656172155412,0.7479518607857595,"ATP6V0A1, CCL5, EGFR, JUN, MAP3K14",Pure_NetAn_KEGG
Purine metabolism ,1.407684529828109,0.22482893483440106,0.7533850230855658,"FHIT, GUCY1A2, GUCY2D, NME1, NME1-NME2, NME2, PAPSS2, PFAS",Pure_NetAn_KEGG
Th17 cell differentiation ,1.448871063576946,0.22503176249617732,0.7533850230855658,"IL2, JUN, RARA, STAT3, STAT5A, STAT5B, TBX21",Pure_NetAn_KEGG
Huntington disease ,1.2389901477832512,0.2310817825211645,0.7533850230855658,"AP2B1, ATP5MC1, BECN1, DCTN5, DLG4, DNAH2, GRIA4, HAP1, NDUFAB1, POLR2A, PSMB3, PSMD3, RB1CC1, SDHA, SDHD, TP53, UQCR10",Pure_NetAn_KEGG
Progesterone-mediated oocyte maturation ,1.4347357065803668,0.23173609778065393,0.7533850230855658,"AKT1, BRAF, CDC27, KRAS, PGR, PIK3CA, PLK1",Pure_NetAn_KEGG
Salmonella infection ,1.2640790880872264,0.23629900385055433,0.7533850230855658,"AKT1, BIRC2, BIRC3, CASP1, CASP4, CASP5, DCTN5, DYNC2H1, DYNLL2, JUN, PIK3CA, PLEKHM1, RAB5C, RIPK1",Pure_NetAn_KEGG
Virion - Flavivirus and Alphavirus ,4.2164658634538155,0.24292683821019284,0.7533850230855658,PHB1,Pure_NetAn_KEGG
"Phenylalanine, tyrosine and tryptophan biosynthesis ",4.2164658634538155,0.24292683821019284,0.7533850230855658,PAH,Pure_NetAn_KEGG
Vitamin B6 metabolism ,4.2164658634538155,0.24292683821019284,0.7533850230855658,PNPO,Pure_NetAn_KEGG
Shigellosis ,1.2532458575443557,0.2452777384738651,0.7533850230855658,"AKT1, ATM, BCAR1, BECN1, CALCOCO2, CASP1, CASP4, CCL5, EGFR, JUN, PIK3CA, PLCD3, RIPK1, TP53",Pure_NetAn_KEGG
Th1 and Th2 cell differentiation ,1.4555830056717354,0.24590089630661113,0.7533850230855658,"IL2, JUN, MAML2, STAT5A, STAT5B, TBX21",Pure_NetAn_KEGG
Pantothenate and CoA biosynthesis ,2.219941814334832,0.24597027910163852,0.7533850230855658,"AASDHPPT, COASY",Pure_NetAn_KEGG
Aldosterone-regulated sodium reabsorption ,1.8081057775222764,0.24676089161933024,0.7533850230855658,"ATP1B2, KRAS, PIK3CA",Pure_NetAn_KEGG
IL-17 signaling pathway ,1.4389734886707641,0.2535139337615567,0.7591214045101219,"CSF3, JUN, MMP1, MMP13, MMP3, SRSF1",Pure_NetAn_KEGG
Regulation of actin cytoskeleton ,1.2538144559527786,0.25498821232911,0.7591214045101219,"AKT1, APC, BCAR1, BRAF, EGFR, ITGA2B, ITGA3, ITGB3, KRAS, PDGFD, PIK3CA, PIP4K2B, RDX",Pure_NetAn_KEGG
Rap1 signaling pathway ,1.2671878172588833,0.2552408200671714,0.7591214045101219,"AKT1, BCAR1, BRAF, CDH1, EGFR, ITGA2B, ITGB3, KRAS, NGFR, PDGFD, PIK3CA, SKAP1",Pure_NetAn_KEGG
Coronavirus disease - COVID-19 ,1.236692485168095,0.2695005586769127,0.7907300471661656,"CASP1, CSF3, EGFR, IL2, JUN, MMP1, MMP3, PIK3CA, RPL19, RPL23, RPL26, RPL27, STAT3",Pure_NetAn_KEGG
Chemical carcinogenesis - receptor activation ,1.2482808631942186,0.27045259584234066,0.7907300471661656,"AIP, AKT1, CDC6, EGFR, JUN, KPNB1, KRAS, PGR, PIK3CA, STAT3, STAT5A, STAT5B",Pure_NetAn_KEGG
Non-alcoholic fatty liver disease ,1.2924068412790217,0.2766687025593773,0.7955714299062112,"AKT1, JUN, MLX, NDUFAB1, PIK3CA, SDHA, SDHD, UQCR10, XBP1",Pure_NetAn_KEGG
Circadian entrainment ,1.3913352036460007,0.27672049735868215,0.7955714299062112,"CACNA1G, GNGT2, GRIA4, GUCY1A2, PER1, RYR1",Pure_NetAn_KEGG
Proximal tubule bicarbonate reclamation ,2.008327351040919,0.28010563611123934,0.7986483013089056,"ATP1B2, GLUD1",Pure_NetAn_KEGG
MAPK signaling pathway ,1.1898752351007165,0.2871438570156699,0.8069271535507955,"AKT1, BRAF, CACNA1G, CACNB1, DUSP3, EGFR, ERBB2, JUN, KRAS, MAP3K14, MAPT, NF1, NGFR, PDGFD, RET, TP53",Pure_NetAn_KEGG
Synaptic vesicle cycle ,1.4255258282476024,0.287687072135501,0.8069271535507955,"AP2B1, ATP6V0A1, NSF, STXBP1, VAMP2",Pure_NetAn_KEGG
Hypertrophic cardiomyopathy ,1.3612838123758992,0.292457181662856,0.8136913522071397,"CACNB1, ITGA2B, ITGA3, ITGB3, SGCA, TTN",Pure_NetAn_KEGG
Drug metabolism - other enzymes ,1.3878793505942275,0.3054835330432819,0.8397221585599381,"MPO, NME1, NME1-NME2, NME2, TK2",Pure_NetAn_KEGG
Fluid shear stress and atherosclerosis ,1.2693006530481918,0.308796539528134,0.8397221585599381,"AKT1, BMPR1A, ITGA2B, ITGB3, JUN, MIR10A, PIK3CA, TP53",Pure_NetAn_KEGG
Longevity regulating pathway - multiple species ,1.4546654165364448,0.30911511344090475,0.8397221585599381,"AKT1, CRYAB, KRAS, PIK3CA",Pure_NetAn_KEGG
Herpes simplex virus 1 infection ,1.2270563841568294,0.3118680893268962,0.8405819595138999,"AKT1, BIRC2, BIRC3, CCL5, EIF2B5, ITGB3, PIK3CA, SRSF1, SRSF8, TP53",Pure_NetAn_KEGG
T cell receptor signaling pathway ,1.284286341677646,0.3164945474639561,0.8447991296420052,"AKT1, IL2, JUN, KRAS, MAP3K14, PIK3CA, PPP2R1B",Pure_NetAn_KEGG
Steroid hormone biosynthesis ,1.4299417959615615,0.3194673162525297,0.8447991296420052,"CYP17A1, CYP19A1, DHRS11, HSD17B1",Pure_NetAn_KEGG
Diabetic cardiomyopathy ,1.2029028155839787,0.32077879995102226,0.8447991296420052,"AKT1, ATP5MC1, COL1A1, NDUFAB1, PDK2, PIK3CA, PTEN, SDHA, SDHD, SLC2A4, UQCR10",Pure_NetAn_KEGG
Polycomb repressive complex ,1.3521634615384615,0.3234349043441073,0.8453412272630078,"AURKB, BAP1, EPOP, EZH1, PCGF2",Pure_NetAn_KEGG
Spinocerebellar ataxia ,1.2411229405816928,0.3291074704278954,0.853699829305443,"AKT1, BECN1, PIK3CA, PSMB3, PSMD3, RB1CC1, RYR1, XBP1",Pure_NetAn_KEGG
GnRH secretion ,1.3829263863437504,0.3402403731963033,0.8657729510403932,"AKT1, CACNA1G, KRAS, PIK3CA",Pure_NetAn_KEGG
Dilated cardiomyopathy ,1.2784148243280433,0.3405881708749122,0.8657729510403932,"CACNB1, ITGA2B, ITGA3, ITGB3, SGCA, TTN",Pure_NetAn_KEGG
Virion - Herpesvirus ,2.634914658634538,0.3412902067869376,0.8657729510403932,ITGB3,Pure_NetAn_KEGG
Proteasome ,1.4711524963735905,0.34672004108659615,0.8729751641161996,"PSMB3, PSMD3, PSME3",Pure_NetAn_KEGG
Inflammatory bowel disease ,1.3605561511223727,0.3506452811517408,0.8729751641161996,"IL2, JUN, STAT3, TBX21",Pure_NetAn_KEGG
Pyruvate metabolism ,1.437648618986647,0.3592517586623822,0.8729751641161996,"ACACA, ACAT1, DLAT",Pure_NetAn_KEGG
Type II diabetes mellitus ,1.437648618986647,0.3592517586623822,0.8729751641161996,"CACNA1G, PIK3CA, SLC2A4",Pure_NetAn_KEGG
Glycolysis / Gluconeogenesis ,1.338896082098499,0.3610521769579594,0.8729751641161996,"DLAT, G6PC1, G6PC3, MINPP1",Pure_NetAn_KEGG
Cytoskeleton in muscle cells ,1.1508814028610983,0.361195216524372,0.8729751641161996,"ATP1B2, COL1A1, FMNL1, ITGA2B, ITGA3, ITGB3, JUP, LDB3, MYL4, SGCA, TCAP, TTN",Pure_NetAn_KEGG
Glycosphingolipid biosynthesis - lacto and neolacto series ,1.6217240046385775,0.3643722424137181,0.8729751641161996,"B4GALNT2, FUT4",Pure_NetAn_KEGG
Collecting duct acid secretion ,1.6217240046385775,0.3643722424137181,0.8729751641161996,"ATP6V0A1, SLC4A1",Pure_NetAn_KEGG
Sulfur metabolism ,2.3420348058902274,0.37115395394865935,0.8784451553906631,PAPSS2,Pure_NetAn_KEGG
Virion - Hepatitis viruses ,1.4056338028169013,0.3717478048899618,0.8784451553906631,"CLDN7, EGFR, EPCAM",Pure_NetAn_KEGG
ECM-receptor interaction ,1.2552203341013826,0.37778487769300995,0.8828446741005681,"CHAD, COL1A1, ITGA2B, ITGA3, ITGB3",Pure_NetAn_KEGG
Hippo signaling pathway - multiple species ,1.5615857063093244,0.3808238366329839,0.8828446741005681,"NF2, YAP1",Pure_NetAn_KEGG
HIF-1 signaling pathway ,1.2166614918885352,0.3812865404086511,0.8828446741005681,"AKT1, CDKN1B, EGFR, ERBB2, PIK3CA, STAT3",Pure_NetAn_KEGG
Cocaine addiction ,1.3750109351762752,0.38419672760692275,0.8836524734959224,"DLG4, JUN, PPP1R1B",Pure_NetAn_KEGG
Glycosylphosphatidylinositol (GPI)-anchor biosynthesis ,1.5057430007178751,0.39709133627529886,0.9072616623508484,"PGAP3, PIGW",Pure_NetAn_KEGG
RIG-I-like receptor signaling pathway ,1.2401516497837806,0.4128652186302902,0.9193019390880961,"DHX58, RIPK1, TBKBP1, TRIM25",Pure_NetAn_KEGG
Folate transport and metabolism ,1.453751516201698,0.413157640090731,0.9193019390880961,"ABCC3, SLC19A1",Pure_NetAn_KEGG
beta-Alanine metabolism ,1.453751516201698,0.413157640090731,0.9193019390880961,"AOC2, AOC3",Pure_NetAn_KEGG
Adherens junction ,1.197935758797654,0.4140246982476239,0.9193019390880961,"CDH1, CTNNA1, CTNNA2, EGFR, ERBB2",Pure_NetAn_KEGG
Oxidative phosphorylation ,1.1441390650692975,0.4205489450097252,0.9193019390880961,"ATP5MC1, ATP6V0A1, COX11, NDUFAB1, SDHA, SDHD, UQCR10",Pure_NetAn_KEGG
Ovarian steroidogenesis ,1.2906418100439372,0.4211553048465695,0.9193019390880961,"CYP17A1, CYP19A1, HSD17B1",Pure_NetAn_KEGG
"Parathyroid hormone synthesis, secretion and action ",1.1605736027921014,0.4220271257937275,0.9193019390880961,"BRAF, EGFR, MMP13, SLC34A2, SOST, WNK4",Pure_NetAn_KEGG
"Virion - Ebolavirus, Lyssavirus and Morbillivirus ",1.9160277473530485,0.42688477022108245,0.9193019390880961,NGFR,Pure_NetAn_KEGG
Autophagy - other ,1.4052261306532663,0.42900757157444486,0.9193019390880961,"BECN1, GABARAP",Pure_NetAn_KEGG
Galactose metabolism ,1.4052261306532663,0.42900757157444486,0.9193019390880961,"G6PC1, G6PC3",Pure_NetAn_KEGG
Necroptosis ,1.1170290413087003,0.4326679642400714,0.9214225164371891,"BIRC2, BIRC3, CASP1, GLUD1, RIPK1, STAT3, STAT5A, STAT5B",Pure_NetAn_KEGG
Yersinia infection ,1.1265633433572364,0.4354406314007621,0.921638146216337,"AKT1, BCAR1, CASP1, IL2, JUN, PIK3CA, WIPF2",Pure_NetAn_KEGG
SNARE interactions in vesicular transport ,1.3598314151402173,0.44462773993701005,0.9353449407211492,"GOSR2, VAMP2",Pure_NetAn_KEGG
Circadian rhythm ,1.3172738693467336,0.46000640970258205,0.9618315839235806,"NR1D1, PER1",Pure_NetAn_KEGG
Ubiquitin mediated proteolysis ,1.0929741863075197,0.4650365118063058,0.966491545621539,"BIRC2, BIRC3, BRCA1, CDC27, CUL5, FANCL, UBE2Z",Pure_NetAn_KEGG
Hedgehog signaling pathway ,1.1930070991989674,0.4691829946214113,0.9692702583496221,"PTCH2, SPOP, SUFU",Pure_NetAn_KEGG
Hematopoietic cell lineage ,1.109295415959253,0.4764664655518984,0.9764939779134455,"CSF3, IL7R, ITGA2B, ITGA3, ITGB3",Pure_NetAn_KEGG
Sphingolipid signaling pathway ,1.0901736316503705,0.47834052831122403,0.9764939779134455,"AKT1, KRAS, PIK3CA, PPP2R1B, PTEN, TP53",Pure_NetAn_KEGG
DNA replication ,1.2396689328997932,0.48999986215660085,0.9885962131229665,"POLD1, POLE",Pure_NetAn_KEGG
Starch and sucrose metabolism ,1.2396689328997932,0.48999986215660085,0.9885962131229665,"G6PC1, G6PC3",Pure_NetAn_KEGG
Amyotrophic lateral sclerosis ,1.0236180758017492,0.4983960396112644,0.9976820675369052,"ATP5MC1, BECN1, CASP1, CASP12, DCTN5, DNAH2, HAP1, NDUFAB1, NEFH, PSMB3, PSMD3, RB1CC1, SDHA, SDHD, TP53, UQCR10, XBP1",Pure_NetAn_KEGG
Human immunodeficiency virus 1 infection ,1.0381261822410548,0.5002869498083612,0.9976820675369052,"AKT1, AP1B1, ATM, ATR, CUL5, GNGT2, JUN, KRAS, PIK3CA, RIPK1",Pure_NetAn_KEGG
"Alanine, aspartate and glutamate metabolism ",1.2041923905240488,0.5045983879184229,0.9993151834058837,"CPS1, GLUD1",Pure_NetAn_KEGG
Tight junction ,1.0406321387110062,0.507761774117688,0.9993151834058837,"AMOTL1, CLDN7, ERBB2, JUN, NF2, PPP2R1B, RDX, STK11",Pure_NetAn_KEGG
Platelet activation ,1.0536326942482341,0.5097955718244508,0.9993151834058837,"AKT1, COL1A1, GUCY1A2, ITGA2B, ITGB3, PIK3CA",Pure_NetAn_KEGG
VEGF signaling pathway ,1.1090755056655723,0.5153368904436553,0.9998210396273051,"AKT1, KRAS, PIK3CA",Pure_NetAn_KEGG
Phospholipase D signaling pathway ,1.0387466211409873,0.515849695807711,0.9998210396273051,"AKT1, DGKE, EGFR, KRAS, PDGFD, PIK3CA, SHC1",Pure_NetAn_KEGG
B cell receptor signaling pathway ,1.0535246727089627,0.53202212011417,1.0,"AKT1, JUN, KRAS, PIK3CA",Pure_NetAn_KEGG
"Glycine, serine and threonine metabolism ",1.1389922585902486,0.5329676320574245,1.0,"AOC2, AOC3",Pure_NetAn_KEGG
Glucagon signaling pathway ,1.032821394686907,0.536554322011301,1.0,"ACACA, AKT1, G6PC1, G6PC3, SIK2",Pure_NetAn_KEGG
Notch signaling pathway ,1.0713774170446406,0.5375926036636614,1.0,"DVL2, KAT2A, MAML2",Pure_NetAn_KEGG
Selenocompound metabolism ,1.3169553212851406,0.5455673064666874,1.0,PAPSS2,Pure_NetAn_KEGG
Arachidonic acid metabolism ,1.0534708249496982,0.5484988680342182,1.0,"ALOX12B, ALOX15B, ALOXE3",Pure_NetAn_KEGG
Cardiac muscle contraction ,1.0152998701755662,0.559952028868527,1.0,"ATP1B2, CACNB1, MYL4, UQCR10",Pure_NetAn_KEGG
Fatty acid biosynthesis ,1.2394283014410583,0.5661772957972026,1.0,ACACA,Pure_NetAn_KEGG
Ferroptosis ,1.0534170854271356,0.5733897207951674,1.0,"SAT2, TP53",Pure_NetAn_KEGG
Osteoclast differentiation ,0.979701030202051,0.5776980702430778,1.0,"AKT1, ITGB3, JUN, MAP3K14, MITF, PIK3CA",Pure_NetAn_KEGG
GABAergic synapse ,0.9913156803506902,0.5780601507615116,1.0,"GABARAP, GNGT2, HAP1, NSF",Pure_NetAn_KEGG
Gap junction ,0.9913156803506902,0.5780601507615116,1.0,"EGFR, GUCY1A2, KRAS, PDGFD",Pure_NetAn_KEGG
Epstein-Barr virus infection ,0.9720336343818126,0.5805855018898208,1.0,"AKT1, CDKN1B, JUN, MAP3K14, PIK3CA, PSMD3, RIPK1, STAT3, TP53",Pure_NetAn_KEGG
Serotonergic synapse ,0.9751624103942652,0.5854105748216274,1.0,"ALOX12B, ALOX15B, BRAF, GNGT2, KRAS",Pure_NetAn_KEGG
Lipoic acid metabolism ,1.1705153949129852,0.585853450655277,1.0,DLAT,Pure_NetAn_KEGG
Glycosaminoglycan degradation ,1.1705153949129852,0.585853450655277,1.0,NAGLU,Pure_NetAn_KEGG
Fatty acid degradation ,1.027674960166687,0.5862850902999839,1.0,"ACADVL, ACAT1",Pure_NetAn_KEGG
Fat digestion and absorption ,1.027674960166687,0.5862850902999839,1.0,"ACAT1, LIPF",Pure_NetAn_KEGG
Basal transcription factors ,1.0031586503948313,0.5988892144095302,1.0,"ERCC3, TAF15",Pure_NetAn_KEGG
Leukocyte transendothelial migration ,0.9486704446381866,0.6087614275254069,1.0,"BCAR1, CLDN7, CTNNA1, CTNNA2, PIK3CA",Pure_NetAn_KEGG
Amphetamine addiction ,0.9574263764404609,0.6106245296759379,1.0,"GRIA4, JUN, PPP1R1B",Pure_NetAn_KEGG
Fc epsilon RI signaling pathway ,0.9574263764404609,0.6106245296759379,1.0,"AKT1, KRAS, PIK3CA",Pure_NetAn_KEGG
ABC transporters ,0.9797826341007363,0.6112019815932086,1.0,"ABCB6, ABCC3",Pure_NetAn_KEGG
Salivary secretion ,0.946581124048112,0.6129627317629214,1.0,"ATP1B2, GUCY1A2, LPO, VAMP2",Pure_NetAn_KEGG
Glycosaminoglycan biosynthesis - chondroitin sulfate / dermatan sulfate ,1.053363453815261,0.622571430495937,1.0,XYLT2,Pure_NetAn_KEGG
Neutrophil extracellular trap formation ,0.9202870924431037,0.64002752045619,1.0,"AKT1, CASP1, CASP4, HDAC5, ITGA2B, ITGB3, MPO, PIK3CA",Pure_NetAn_KEGG
Ras signaling pathway ,0.9231856236335519,0.6415616692936712,1.0,"AKT1, EGFR, GNGT2, KRAS, NF1, NGFR, PDGFD, PIK3CA, RAB5C, SHC1",Pure_NetAn_KEGG
Mannose type O-glycan biosynthesis ,0.9575118656443957,0.6560369910559737,1.0,FUT4,Pure_NetAn_KEGG
Terpenoid backbone biosynthesis ,0.9575118656443957,0.6560369910559737,1.0,ACAT1,Pure_NetAn_KEGG
Kaposi sarcoma-associated herpesvirus infection ,0.8955962394854032,0.6684134392382264,1.0,"AKT1, BECN1, GNGT2, JUN, KRAS, PIK3CA, STAT3, TP53",Pure_NetAn_KEGG
Glycosaminoglycan biosynthesis - heparan sulfate / heparin ,0.9158372620918457,0.671641082602463,1.0,XYLT2,Pure_NetAn_KEGG
Endocrine and other factor-regulated calcium reabsorption ,0.82577593851611,0.6993787633811972,1.0,"AP2B1, ATP1B2",Pure_NetAn_KEGG
cAMP signaling pathway ,0.8725629209500178,0.7005627134972721,1.0,"AKT1, ATP1B2, BRAF, CRHR1, GIP, GRIA4, JUN, PIK3CA, PPP1R1B",Pure_NetAn_KEGG
Vitamin digestion and absorption ,0.8424899598393575,0.7007596534688506,1.0,SLC19A1,Pure_NetAn_KEGG
Maturity onset diabetes of the young ,0.8424899598393575,0.7007596534688506,1.0,HNF1B,Pure_NetAn_KEGG
Prion disease ,0.8797692408548577,0.7018736175348652,1.0,"ATP5MC1, CASP12, CCL5, NDUFAB1, PIK3CA, PSMB3, PSMD3, RYR1, SDHA, SDHD, UQCR10",Pure_NetAn_KEGG
Oxytocin signaling pathway ,0.8473848529381887,0.7092478256048682,1.0,"CACNB1, EGFR, GUCY1A2, JUN, KRAS, RYR1",Pure_NetAn_KEGG
Butanoate metabolism ,0.8100478838430646,0.71433672753327,1.0,ACAT1,Pure_NetAn_KEGG
Dopaminergic synapse ,0.8285179070358141,0.719512840774795,1.0,"AKT1, GNGT2, GRIA4, PPP1R1B, PPP2R1B",Pure_NetAn_KEGG
TGF-beta signaling pathway ,0.8094740103803548,0.7269287913463335,1.0,"BMPR1A, CDKN2B, NOG, PPP2R1B",Pure_NetAn_KEGG
Folate biosynthesis ,0.7800089245872378,0.7272983751302906,1.0,PAH,Pure_NetAn_KEGG
Thermogenesis ,0.8450106636784268,0.7337726060842169,1.0,"ATP5MC1, COA3, COX11, KRAS, NDUFAB1, SDHA, SDHD, SMARCE1, UQCR10",Pure_NetAn_KEGG
Phototransduction ,0.7521156052782558,0.7396724657909086,1.0,GUCY2D,Pure_NetAn_KEGG
Glyoxylate and dicarboxylate metabolism ,0.7261459631629968,0.7514856081879987,1.0,ACAT1,Pure_NetAn_KEGG
Toxoplasmosis ,0.7793442989817612,0.7526845148396544,1.0,"AKT1, BIRC2, BIRC3, STAT3",Pure_NetAn_KEGG
Insulin secretion ,0.7607088313010594,0.7537950446626417,1.0,"ATP1B2, GIP, VAMP2",Pure_NetAn_KEGG
Regulation of lipolysis in adipocytes ,0.7386405712774399,0.7540750878830027,1.0,"AKT1, PIK3CA",Pure_NetAn_KEGG
Mineral absorption ,0.725870732975221,0.7623074395188425,1.0,"ATP1B2, SLC34A2",Pure_NetAn_KEGG
Asthma ,0.6792330612773675,0.7735295179487719,1.0,EPX,Pure_NetAn_KEGG
Propanoate metabolism ,0.6792330612773675,0.7735295179487719,1.0,ACACA,Pure_NetAn_KEGG
Parkinson disease ,0.8178696596611987,0.7739560467001462,1.0,"ATP5MC1, MAPT, NDUFAB1, PSMB3, PSMD3, SDHA, SDHD, TP53, UQCR10, XBP1",Pure_NetAn_KEGG
Cholinergic synapse ,0.7513667098259244,0.7765299402139941,1.0,"AKT1, GNGT2, KRAS, PIK3CA",Pure_NetAn_KEGG
Alcoholic liver disease ,0.7620748597475456,0.7815037761791155,1.0,"ACACA, ACADVL, AKT1, MAP3K14, RIPK1",Pure_NetAn_KEGG
Ribosome ,0.7740833142453863,0.78289830910467,1.0,"MRPL10, MRPL27, RPL19, RPL23, RPL26, RPL27",Pure_NetAn_KEGG
Lysine degradation ,0.6900733174067056,0.7855830325764669,1.0,"ACAT1, EZH1",Pure_NetAn_KEGG
Glycerolipid metabolism ,0.6789106824444805,0.7928840229107287,1.0,"DGKE, LIPF",Pure_NetAn_KEGG
Viral life cycle - HIV-1 ,0.6789106824444805,0.7928840229107287,1.0,"KAT2A, SUPT4H1",Pure_NetAn_KEGG
RNA polymerase ,0.6380065717415115,0.7936198587785807,1.0,POLR2A,Pure_NetAn_KEGG
GnRH signaling pathway ,0.7013078470824949,0.7989940321402488,1.0,"EGFR, JUN, KRAS",Pure_NetAn_KEGG
Cortisol synthesis and secretion ,0.6681024168461355,0.7999644780802737,1.0,"CACNA1G, CYP17A1",Pure_NetAn_KEGG
Influenza A ,0.7553973788044497,0.8011237864147692,1.0,"AKT1, CALCOCO2, CASP1, CCL5, PIK3CA, TRIM25",Pure_NetAn_KEGG
Long-term potentiation ,0.6474835717046772,0.8134836667807078,1.0,"BRAF, KRAS",Pure_NetAn_KEGG
Primary immunodeficiency ,0.5689243460327797,0.8286164138358035,1.0,IL7R,Pure_NetAn_KEGG
Adrenergic signaling in cardiomyocytes ,0.7054421952803637,0.8323525018586104,1.0,"AKT1, ATP1B2, CACNB1, MYL4, PPP2R1B",Pure_NetAn_KEGG
Allograft rejection ,0.5539262312407525,0.8363966449352348,1.0,IL2,Pure_NetAn_KEGG
Phagosome ,0.7007056451612903,0.8364559910670687,1.0,"ATP6V0A1, DYNC2H1, ITGB3, MPO, RAB5C",Pure_NetAn_KEGG
Nicotine addiction ,0.526179718875502,0.8509145215949632,1.0,GRIA4,Pure_NetAn_KEGG
mRNA surveillance pathway ,0.6308752515090543,0.851330793057372,1.0,"CASC3, MSI2, PPP2R1B",Pure_NetAn_KEGG
Amoebiasis ,0.6308752515090543,0.851330793057372,1.0,"COL1A1, PIK3CA, RAB5C",Pure_NetAn_KEGG
Protein digestion and absorption ,0.6308752515090543,0.851330793057372,1.0,"ATP1B2, COL18A1, COL1A1",Pure_NetAn_KEGG
Alcoholism ,0.6965005491411655,0.8556609277919588,1.0,"BRAF, GNGT2, HDAC5, KRAS, PPP1R1B, SHC1",Pure_NetAn_KEGG
Various types of N-glycan biosynthesis ,0.5133215789989225,0.857683419175446,1.0,ALG9,Pure_NetAn_KEGG
Tryptophan metabolism ,0.5133215789989225,0.857683419175446,1.0,ACAT1,Pure_NetAn_KEGG
Natural killer cell mediated cytotoxicity ,0.651818543759807,0.8581326048386195,1.0,"BRAF, KRAS, PIK3CA, SHC1",Pure_NetAn_KEGG
Lysosome ,0.651818543759807,0.8581326048386195,1.0,"AP1B1, ATP6V0A1, CD68, NAGLU",Pure_NetAn_KEGG
Vascular smooth muscle contraction ,0.6467735688279495,0.8620245722896056,1.0,"ACTA2, BRAF, GUCY1A2, RAMP2",Pure_NetAn_KEGG
Gastric acid secretion ,0.5684911041694961,0.8647057551612171,1.0,"ATP1B2, GAST",Pure_NetAn_KEGG
Pertussis ,0.5608844221105528,0.8695219178012089,1.0,"CASP1, JUN",Pure_NetAn_KEGG
Type I diabetes mellitus ,0.4893994582983095,0.8703140299565582,1.0,IL2,Pure_NetAn_KEGG
Graft-versus-host disease ,0.4893994582983095,0.8703140299565582,1.0,IL2,Pure_NetAn_KEGG
Nucleocytoplasmic transport ,0.6006898534061512,0.8727395964688038,1.0,"CASC3, KPNB1, THOC5",Pure_NetAn_KEGG
RNA degradation ,0.5534779158952658,0.8741799879025387,1.0,"BTG4, TOB1",Pure_NetAn_KEGG
Oocyte meiosis ,0.6273466504336325,0.8766910292295041,1.0,"CDC27, PGR, PLK1, PPP2R1B",Pure_NetAn_KEGG
Spliceosome ,0.6484281660692951,0.879548069694304,1.0,"CWC15, DHX8, EFTUD2, SRSF1, SRSF8",Pure_NetAn_KEGG
Protein processing in endoplasmic reticulum ,0.64045903815893,0.8856999184041874,1.0,"CASP12, CRYAB, HERPUD1, SEC23B, XBP1",Pure_NetAn_KEGG
Endocytosis ,0.691058432885194,0.8864226865516364,1.0,"ACAP1, AP2B1, EGFR, EPN3, RAB5C, SNF8, VPS25, WIPF2",Pure_NetAn_KEGG
"Valine, leucine and isoleucine degradation ",0.44766299239511237,0.8923146333941065,1.0,ACAT1,Pure_NetAn_KEGG
Calcium signaling pathway ,0.6825322449382228,0.8937103237017786,1.0,"CACNA1G, EGFR, ERBB2, PDGFD, PLCD3, RET, RYR1, SLN",Pure_NetAn_KEGG
Pathogenic Escherichia coli infection ,0.6494221186555286,0.89468287577296,1.0,"CASP1, CASP4, CLDN7, JUN, RIPK1, WIPF2",Pure_NetAn_KEGG
Glutamatergic synapse ,0.557949466711775,0.9013443843505758,1.0,"DLG4, GNGT2, GRIA4",Pure_NetAn_KEGG
Arginine and proline metabolism ,0.4293500532743218,0.9018742719872086,1.0,SAT2,Pure_NetAn_KEGG
Malaria ,0.4293500532743218,0.9018742719872086,1.0,CSF3,Pure_NetAn_KEGG
Vibrio cholerae infection ,0.4207429718875502,0.9063312811365822,1.0,ATP6V0A1,Pure_NetAn_KEGG
Cholesterol metabolism ,0.4207429718875502,0.9063312811365822,1.0,STARD3,Pure_NetAn_KEGG
Autoimmune thyroid disease ,0.3968705008714102,0.9185250699657286,1.0,IL2,Pure_NetAn_KEGG
N-Glycan biosynthesis ,0.3968705008714102,0.9185250699657286,1.0,ALG9,Pure_NetAn_KEGG
Bile secretion ,0.4777295568752855,0.9192753899079608,1.0,"ABCC3, ATP1B2",Pure_NetAn_KEGG
Legionellosis ,0.3824023366192041,0.9257598401798801,1.0,CASP1,Pure_NetAn_KEGG
Efferocytosis ,0.5489406235807516,0.9292965320973733,1.0,"BCAR1, CASP1, ITGB3, RAB5C",Pure_NetAn_KEGG
Cell adhesion molecules ,0.5489406235807516,0.9292965320973733,1.0,"CDH1, CLDN7, CNTNAP1, NLGN2",Pure_NetAn_KEGG
Aldosterone synthesis and secretion ,0.43775125628140704,0.940359937733042,1.0,"ATP1B2, CACNA1G",Pure_NetAn_KEGG
Fc gamma R-mediated phagocytosis ,0.43775125628140704,0.940359937733042,1.0,"AKT1, PIK3CA",Pure_NetAn_KEGG
cGMP-PKG signaling pathway ,0.5182201335272836,0.9462977034209396,1.0,"AKT1, ATP1B2, GUCY1A2, TRPC6",Pure_NetAn_KEGG
Glycerophospholipid metabolism ,0.4201608040201005,0.9488284258829297,1.0,"DGKE, PHOSPHO1",Pure_NetAn_KEGG
Renin secretion ,0.3091040633120718,0.9594450481090182,1.0,GUCY1A2,Pure_NetAn_KEGG
Viral myocarditis ,0.3046097433211105,0.9612887071777022,1.0,SGCA,Pure_NetAn_KEGG
Retrograde endocannabinoid signaling ,0.434149725941858,0.9664158031313257,1.0,"GNGT2, GRIA4, NDUFAB1",Pure_NetAn_KEGG
Thyroid hormone synthesis ,0.28396016498426135,0.9693244434530475,1.0,ATP1B2,Pure_NetAn_KEGG
Axon guidance ,0.46599530043638804,0.969609280515251,1.0,"EFNB3, KRAS, PIK3CA, TRPC6",Pure_NetAn_KEGG
PPAR signaling pathway ,0.2801606425702811,0.9707193592969385,1.0,MMP1,Pure_NetAn_KEGG
ATP-dependent chromatin remodeling ,0.36509504041948876,0.9714490560806368,1.0,"CHD3, SMARCE1",Pure_NetAn_KEGG
Leishmaniasis ,0.2728576644239295,0.9733219554457152,1.0,JUN,Pure_NetAn_KEGG
Neuroactive ligand-receptor interaction ,0.5809692671394799,0.9741113745409999,1.0,"CHRNB1, CRHR1, GIP, GRIA4, HCRT, PPY, PYY, RXFP2, TAC4, THRA",Pure_NetAn_KEGG
Antigen processing and presentation ,0.2659244573229627,0.9756934323520702,1.0,PSME3,Pure_NetAn_KEGG
Ribosome biogenesis in eukaryotes ,0.3497989949748744,0.9765628784218726,1.0,"DROSHA, UTP18",Pure_NetAn_KEGG
Peroxisome ,0.25615878146733273,0.9788616531737848,1.0,PEX12,Pure_NetAn_KEGG
Morphine addiction ,0.23329986613119144,0.9854357155769977,1.0,GNGT2,Pure_NetAn_KEGG
Tuberculosis ,0.35310175660705806,0.9897458951271372,1.0,"AKT1, ATP6V0A1, RAB5C",Pure_NetAn_KEGG
Inflammatory mediator regulation of TRP channels ,0.21417301860503238,0.989966630586354,1.0,PIK3CA,Pure_NetAn_KEGG
Pancreatic secretion ,0.20778162153564755,0.9912755045662582,1.0,ATP1B2,Pure_NetAn_KEGG
Olfactory transduction ,0.13975066615911685,0.999999794950408,1.0,"GUCY2D, OR4D1, OR4D2",Pure_NetAn_KEGG
Linoleic acid metabolism ,0.0,1.0,1.0,,Pure_NetAn_KEGG
Biosynthesis of unsaturated fatty acids ,0.0,1.0,1.0,,Pure_NetAn_KEGG
Thiamine metabolism ,0.0,1.0,1.0,,Pure_NetAn_KEGG
Histidine metabolism ,0.0,1.0,1.0,,Pure_NetAn_KEGG
Aminoacyl-tRNA biosynthesis ,0.0,1.0,1.0,,Pure_NetAn_KEGG
Amino sugar and nucleotide sugar metabolism ,0.0,1.0,1.0,,Pure_NetAn_KEGG
Ascorbate and aldarate metabolism ,0.0,1.0,1.0,,Pure_NetAn_KEGG
Taurine and hypotaurine metabolism ,0.0,1.0,1.0,,Pure_NetAn_KEGG
Ubiquinone and other terpenoid-quinone biosynthesis ,0.0,1.0,1.0,,Pure_NetAn_KEGG
Taste transduction ,0.0,1.0,1.0,,Pure_NetAn_KEGG
Metabolism of xenobiotics by cytochrome P450 ,0.0,1.0,1.0,,Pure_NetAn_KEGG
Phosphonate and phosphinate metabolism ,0.0,1.0,1.0,,Pure_NetAn_KEGG
Primary bile acid biosynthesis ,0.0,1.0,1.0,,Pure_NetAn_KEGG
Protein export ,0.0,1.0,1.0,,Pure_NetAn_KEGG
One carbon pool by folate ,0.0,1.0,1.0,,Pure_NetAn_KEGG
Other types of O-glycan biosynthesis ,0.0,1.0,1.0,,Pure_NetAn_KEGG
Other glycan degradation ,0.0,1.0,1.0,,Pure_NetAn_KEGG
Pentose and glucuronate interconversions ,0.0,1.0,1.0,,Pure_NetAn_KEGG
Pentose phosphate pathway ,0.0,1.0,1.0,,Pure_NetAn_KEGG
Glutathione metabolism ,0.0,1.0,1.0,,Pure_NetAn_KEGG
Glycosphingolipid biosynthesis - globo and isoglobo series ,0.0,1.0,1.0,,Pure_NetAn_KEGG
Glycosaminoglycan biosynthesis - keratan sulfate ,0.0,1.0,1.0,,Pure_NetAn_KEGG
Glycosphingolipid biosynthesis - ganglio series ,0.0,1.0,1.0,,Pure_NetAn_KEGG
Fructose and mannose metabolism ,0.0,1.0,1.0,,Pure_NetAn_KEGG
Nicotinate and nicotinamide metabolism ,0.0,1.0,1.0,,Pure_NetAn_KEGG
Mucin type O-glycan biosynthesis ,0.0,1.0,1.0,,Pure_NetAn_KEGG
Fatty acid elongation ,0.0,1.0,1.0,,Pure_NetAn_KEGG
Steroid biosynthesis ,0.0,1.0,1.0,,Pure_NetAn_KEGG
Sphingolipid metabolism ,0.0,1.0,1.0,,Pure_NetAn_KEGG
Sulfur relay system ,0.0,1.0,1.0,,Pure_NetAn_KEGG
Systemic lupus erythematosus ,0.0,1.0,1.0,,Pure_NetAn_KEGG
D-Amino acid metabolism ,0.0,1.0,1.0,,Pure_NetAn_KEGG
Cysteine and methionine metabolism ,0.0,1.0,1.0,,Pure_NetAn_KEGG
Retinol metabolism ,0.0,1.0,1.0,,Pure_NetAn_KEGG
Renin-angiotensin system ,0.0,1.0,1.0,,Pure_NetAn_KEGG
Chemical carcinogenesis - DNA adducts ,0.0,1.0,1.0,,Pure_NetAn_KEGG
Cobalamin transport and metabolism ,0.0,1.0,1.0,,Pure_NetAn_KEGG
Complement and coagulation cascades ,0.0,1.0,1.0,,Pure_NetAn_KEGG
Riboflavin metabolism ,0.0,1.0,1.0,,Pure_NetAn_KEGG
African trypanosomiasis ,0.0,1.0,1.0,,Pure_NetAn_KEGG
Porphyrin metabolism ,0.0,1.0,1.0,,Pure_NetAn_KEGG
Ether lipid metabolism ,0.0,1.0,1.0,,Pure_NetAn_KEGG
Drug metabolism - cytochrome P450 ,0.0,1.0,1.0,,Pure_NetAn_KEGG
alpha-Linolenic acid metabolism ,0.0,1.0,1.0,,Pure_NetAn_KEGG
Caffeine metabolism ,0.0,1.0,1.0,,Pure_NetAn_KEGG
Virion - Lassa virus and SFTS virus ,0.0,1.0,1.0,,Pure_NetAn_KEGG
